<?xml version="1.0"?>
<!--<!DOCTYPE metadata SYSTEM "http://www.esri.com/metadata/esriprof80.dtd">-->
<metadata xml:lang="en"><Esri><CreaDate>20030107</CreaDate><CreaTime>13254500</CreaTime><SyncOnce>TRUE</SyncOnce><MetaID>{A11208FE-AEEA-4101-BEB0-1E5519C36A24}</MetaID></Esri><idinfo><citation><citeinfo><onlink Sync="TRUE">\\HARRY\G$\LAB_1\40_corners</onlink></citeinfo></citation></idinfo><distInfo><distributor><distorTran><onLineSrc><linkage Sync="TRUE">file://\\HARRY\G$\LAB_1\40_corners</linkage><protocol Sync="TRUE">Local Area Network</protocol></onLineSrc></distorTran></distributor></distInfo><dataqual><lineage><procstep><procdesc Sync="TRUE">Dataset copied.</procdesc><srcused Sync="TRUE">C:\Cloquet\40_corners</srcused><date Sync="TRUE">20030107</date><time Sync="TRUE">13254500</time></procstep></lineage></dataqual></metadata>
