<?xml version="1.0"?>
<!--<!DOCTYPE metadata SYSTEM "http://www.esri.com/metadata/esriprof80.dtd">-->
<metadata xml:lang="en"><Esri><CreaDate>20100115</CreaDate><CreaTime>13523500</CreaTime><SyncOnce>TRUE</SyncOnce><MetaID>{7AEE99D1-F5CD-4067-B8B7-DC8F4A2789EB}</MetaID></Esri><idinfo><citation><citeinfo><onlink Sync="TRUE">\\GARY\S\FRx131\L11\viewspot</onlink></citeinfo></citation></idinfo><distInfo><distributor><distorTran><onLineSrc><linkage Sync="TRUE">file://\\GARY\S\FRx131\L11\viewspot</linkage><protocol Sync="TRUE">Local Area Network</protocol></onLineSrc></distorTran></distributor></distInfo><dataqual><lineage><procstep><procdesc Sync="TRUE">Dataset copied.</procdesc><srcused Sync="TRUE">E:\Spring_2010\lab_data_updates\lab11new\viewspot</srcused><procdate Sync="TRUE">20100115</procdate><proctime Sync="TRUE">13523500</proctime></procstep></lineage></dataqual></metadata>
