<PAMDataset>
  <PAMRasterBand band="1">
    <Metadata>
      <MDI key="COLOR_TABLE_RULE_RGB_0">-1.860000e+01 -3.433334e+00 0 0 255 0 255 0</MDI>
      <MDI key="COLOR_TABLE_RULE_RGB_1">-3.433334e+00 1.173333e+01 0 255 0 255 255 0</MDI>
      <MDI key="COLOR_TABLE_RULE_RGB_2">1.173333e+01 2.690000e+01 255 255 0 255 0 0</MDI>
      <MDI key="COLOR_TABLE_RULES_COUNT">3</MDI>
      <MDI key="STATISTICS_MAXIMUM">26.89999961853</MDI>
      <MDI key="STATISTICS_MEAN">11.217140669103</MDI>
      <MDI key="STATISTICS_MINIMUM">-18.60000038147</MDI>
      <MDI key="STATISTICS_STDDEV">5.7089466634739</MDI>
    </Metadata>
  </PAMRasterBand>
</PAMDataset>
